작성자,제품명,리뷰작성일,별점,한달 사용기,리뷰 내용,도움 수
whsl****,컬러: 코지 버건디,20250409,5,,"릴 솔리드 쓰다가~ 청소 귀찮아서 엑스퍼 쓰다가~ 요번에 할인하길래 릴 에이블 2.0 한번 사봤어요. 가격대비 나쁘진 않은데 그렇다고 베스트까지는 아닌 것 같아요. 어느정도 느낌인지 제가 사용해본 제품들 중에서 비교 해볼게요. 솔리드랑 엑스퍼 사용해보신 분들은 참고하시면 좋을 것 같아요! * 개인적으로 담배 맛이랑 목넘김이 젤 중요하다고 생각해요! 그래야 연초 생각이 안나거든요. 연초 끊고 전담으로 완전히 갈아타려고 하시는 분들은 타격감, 맛 진한 제품을 쓰는 게 좋아요. -------------------------------------------- - 디자인 1위 : 릴 에이블 2.0 디자인은 호불호의 영역이지만 가장 세련되지 않았나 싶어요! 옆면이 둥글둥글하면서 글래스 소재로 되어있어서 엣지 디스플레이? 느낌이 나요 ㅎㅎ (그만큼 떨어뜨리면 어찌될지 무섭긴함…O_O) - 연무량, 타격감 1위 : 엑스퍼 3.0 청소도 필요 없는 데다가 가열하는 온도가 제일 높아서 연무량도 세 제품중에 제일 좋아요. 가격이 조금 비싸긴 하지만 충분히 그럴만하다고 생각이 드는 제품! 입문하는 분들 한테는 부담스러울 정도로 묵직할 수 있어요. 그럴 땐 온도 낮춰서 타격감 줄이기! :-) 릴 에이블 2.0의 리얼 종류가 가장 세다고 하는데도 엑스퍼 3.0보다는 훨씬 약하게 느껴져요. 연초를 사용하는 듯한 녹진한 맛이 부족한 느낌?! - 맛 1위 : 릴 솔리드 2.0 날을 꽂아서 직접 가열시키는 방식이라 맛이 훨씬 진하게 느껴지는 것 같아요. 단점은 청소도 자주 해줘야하고 탄내도 많이 난다는 거 그리고 핏 스틱은 이제 버려졌는지 신제품이 잘 안나오네요.. T_T 그래도 궐련형 전자담배 입문 제품이라 그런지 괜히 더 애착가는 전담이에요. 요즘에도 가끔 생각나면 펴요! 핏 스틱은 체인지 샷을 제일 자주 사용했는데, 릴 에이블 스틱 중에서는 그래뉼라 아이스노우가 비슷하겠네요. - 릴 에이블 2.0 장단점 1. 다양한 스틱 리얼, 그래뉼라, 베이퍼 세가지 스틱이 주는 느낌이 아예 다르다는 것도 장점이예요. 베이퍼는 한번 사놓고 안쓰고 리얼이랑 그래뉼라만 쓰긴 하지만 그래도 매력적인 맛이 많은 것 같아요. 2. 약한 배터리 다만 배터리가 정말 너무 약해요..! 가끔 꽂았다가 아 그냥 안펴야지 하고 바로 뺄때도 있거든요. 그럼 5%가 뿅 사라져있어요 :-O 처음에 웅 하면서 바로 배터리가 닳게 프로그래밍 되어있나봐요.. 15개비 정도 사용하면 거의 다 닳는데, 2갑 가까이 사용할 수 있는 엑스퍼 3.0이랑 비교하면 좀 아쉬워요 T_T 3. 14모금이 안되는 사용 시간 분명 14모금이 표시되어 있는데 10모금 정도 피면 아무것도 안들오는게 확 느껴져요. 뭔가 목에 넘어가는 느낌은 나는데 좀 역한..? 기기 하자가 아니라 스틱에 너무 잎을 적게 집어넣은게 아닐까 싶어요 =_= 아마 릴 에이블 2.0 사용해보신 분들이면 다 공감하실듯해요. 4. 심한 발열 발열이 제품 세개중에서 가장 심해요. 검색해보니 히팅 방식 때문에 어쩔수 없다고는 하는데.. 그래도 정말 심한 편! 클래식으로 하면 더더욱 심해지는 발열 :-O 5. 깔끔한 맛 그래도 맛은 셋 중에서 제일 깔끔한 듯해요! 상큼한 맛의 스틱은 셋 중에서 제일 잘 어울렸어요. 텁텁한 맛이 안남고 달달하고 상큼한 향이 진하게 들어와서 맛있게 쓸 수 있는 것 같아요. ----------------------------------------- 정가에 구매했으면 조금 아쉬웠겠지만 그래도 5만원대로 구매해서 나름 만족하고 사용하고 있어요! 평소에는 엑스퍼 쓰다가 상큼하고 달달한 맛 원할 때 에이블로 환기해주는 느낌으로 쓰거든요. 릴 에이블은 발열, 연무량, 배터리 문제 해결하면 조금 비싸지더라도 살 의향 있어요! ^_+",3
sony***,컬러: 코지 버건디,20250509,5,,전반적으로 만족합니다. 디자인은 마음에 드네요 나머지는 사용해봐야 알겠네요.,0
ferr*****,컬러: 코지 버건디,20250508,4,,릴에이블 1.0쓰다가 배터리가 빨리 닳아서 교체 했는데 연무랑은 기존 제품이 더 좋은데 디스플레이도 나오고 기존 기기보다는 좋네요. 담배 하나 피면 배터리 4프로 닳는거 빼고는 좋은듯 합니다,0
rn****,컬러: 코지 버건디,20250507,5,,저렴하게 잘 샀어요. 카운팅 오류가 종종 있던데 다행히 괜찮은듯 합니다.,0
skdn***,컬러: 코지 버건디,20250503,5,,전 모델보다 디자인이 깔끔하네요....기능적인 면에서는 연무량이 조금 더 적어진 느낌이에여...나머지는 만족해요!!,0
dhdb********,컬러: 코지 버건디,20250426,5,,밧데리가 좀 빨리 없어지지만 좋아요~ 지인 추천 해서 지인도 샀어요~~~ 대박 나세요 감사합니다,0
kood***,컬러: 코지 버건디,20250510,5,,이것저것 전자담배 기계들 사서 사용했는데 이번이 마직막이라 생각하고 구매. 연기와 타격감이 좋다고 합니다.,0
kws0***,컬러: 코지 버건디,20250511,5,,그립감좋아요 색감도 좋구요,0
od****,컬러: 코지 버건디,20250510,5,,배송이 빨라요. 제품도 좋아요.,0
ka****,컬러: 코지 버건디,20250428,4,,에이블1.0쓸때보다 사용하기편하고 좋아요 맛은 사람마다 다르겠지만 괜찮은것 같아요 가격 저렴한것도 좋구요,0
tlqr***,컬러: 코튼 블루,20250418,5,,사용하던 기기에 문제가 있어서 급히 주문했는데 배송빠르고 제품도 이상없이 잘 도착했네요 배터리도 95프로정도 충전되어 있네요,0
hks6***,컬러: 코지 버건디,20250501,2,,빠데리 금방답니다.93프로에서 스틱3개 하니 68프로 실화?이렇게 빨리단다고요?물건썻으니 바꿀수도없고..난감하네요.,0
bbig***,컬러: 코지 버건디,20250509,5,,만족합니다. 성능 디자인 모두요,0
jinw******,컬러: 코지 버건디,20250509,5,,좋아요 저노아 재어나,0
brea*******,컬러: 코지 버건디,20250509,5,,빠른배송 좋은제품 감사합니다,0
soma****,컬러: 코지 버건디,20250509,5,,빠른배송 감사드립니다,0
mm****,컬러: 스페이스 블랙,20250426,5,,만족하고 잘쓰고 있습니다. 아주 맘에 들어요 저렴한 가격에 잘구매한것 같습니다.,0
jayb****,컬러: 코지 버건디,20250504,5,,"합리적 가격, 빠른 배송 품질에 만족하면서 사용하고 있습니다.",0
tost****,컬러: 코지 버건디,20250512,5,,상해여행 중 분실해서 재구매ㅠㅠ,0
qwer******,컬러: 샴페인 골드,20250430,3,,일곱모금 정도는 강하고 그이후는 약해요. 흡연욕구 적당히 해소됩니다,0
kjb0*****,컬러: 코지 버건디,20250427,5,,역시 에이블 전작보다 더 편하고 사용하기 좋고 부팅시간도 짧고 너무 좋네요,0
rain******,컬러: 샴페인 골드,20250421,5,,인덕션 가열이라 찌꺼기가 잆어서 좋아요. 타격감은 좀 모자르지만 나름 만족합니다.,1
owen*****,컬러: 코지 버건디,20250511,5,,1보다 2가 무겁긴해도 좋네요,0
hans****,컬러: 코지 버건디,20250418,4,,릴 에이블 1.0을 쓰다가 1년4개월만에 빨리 방전이 되서 특가판매때 구매했습니다. 사용해보니 1.0보다 야간 가벼운듯하고 화면도 심플하니 괜찮네요.,0
cksn***,컬러: 코지 버건디,20250509,5,,하이브리드 쓰다가 번거로워 바꿨습니다. 카트리지교환을 안해도되니좋으네요.주로 그래뉼라를 사용하는데 찐내당연히 없고 괜찮네요.,0
kimo*******,컬러: 코지 버건디,20250427,5,,기존 전자담배를 이번에 에이블2.0으로 바꿨습니다 더편하고 기능까지 좋네요 잘 사용하겠습니다,0
peac*****,컬러: 코지 버건디,20250429,5,,빠른 배송과 함께 꼼꼼하게 포장해 주셔서 감사드립니다 ^^,0
kpss****,컬러: 스페이스 블랙,20250508,5,,다 피운후에도 꽁초에서 냄새가 덜나네요. 삽입후 자동으로 시작되는 관계로 삽입후 시작시점을 언제든 결정할수 있는 온.오프스위치가 있는 기기에 비해서 약간은 불편합니다.,0
les7***,컬러: 코튼 블루,20250416,5,,아들 요청으로 주문했어요. 좋다고 합니다,0
ayoo****,컬러: 코지 버건디,20250507,5,,자주 잃어버려서 몇번째 구매인지😭😭😭,0
khk7****,컬러: 코지 버건디,20250508,5,,싸게 잘 삿어요 오오,0
skrm******,컬러: 코지 버건디,20250426,5,,가벼움 디자인 이쁨 흠 보너스스테이지 몇모금 더 하는건 에이블1.0이 훨나음,0
carp****,컬러: 코지 버건디,20250430,5,,만족합니다 전에쓰던거보다 좋네요,0
spit****,컬러: 코튼 블루,20250416,5,,릴 에이블1 쓰다가 배터리 상태가 안 좋아져서 이번에 2 구매했습니다. LCD 창이 있어서 충전 상태 등을 확인하기 좋네요. 담배 맛이야 뭐 변함없습니다.,0
kbs8***,컬러: 코튼 블루,20250415,5,,배송이 빠르네요. 릴1.0부터 하이브리드와 에이블1.0까지 사용해왔는데 이번에 할인행사가 있어 구매하였어요. 잘 사용하겠습니다~,0
sopa*****,컬러: 코튼 블루,20250507,3,,그전 버전보다 충전을 자주 해야해요 ㅠ 타격감도 좋았다 안 좋았다 그럽니다 ㅠ 사용하던거 처럼 충전이 안되는 일 없이 (고장없이 사용하고 싶은데..),0
rlax********,컬러: 코지 버건디,20250426,5,,기존 릴에이블 쓰다가 새로나와서 바꿨는데 퀄리티 좋네요 ㅎㅎ,0
pand*****,컬러: 코지 버건디,20250408,5,,총알배송 감사합니다.색상이 고급.지네요!가격도 저렴하고...,0
un_t***,컬러: 코지 버건디,20250423,5,,잘받았습니다 유용하게 사용할게요 감사합니다,0
dlgh********,컬러: 코지 버건디,20250501,5,,상품이튼튼하고조아요ㅎㅎ,0
sata****,컬러: 샴페인 골드,20250429,5,,사용했던 전담 중 제일 깔끔하고 편리함,0
mong*******,컬러: 코튼 블루,20250417,1,,연초피는 신랑 건강 건정되서 샀어요.역시나 싫어해요.그래도 연초보다 낫겠지 하고 내비둡니다,1
ttal***,컬러: 코지 버건디,20250429,5,,굳 배송도빨랏고 좋네요,0
syyu*****,컬러: 코지 버건디,20250421,4,,가볍고 좋아요. 근데 배터리 소모가 약간 빠르네요,0
kwan*******,컬러: 코튼 블루,20250223,5,,"오흥.. 첫 전자담배를 싼맛에 이름이 머더라 연초처럼 넣는거 사서 그것도 필만하다 생각했는데.. 오잉.. 역시 조금이나마 비싼게 좋다고 와우 좋네요.. 목도 덜아프고. 일하는곳이 금연하는 곳이라 끊기는 힘들고 힘들때 연초피고 오니 냄새난다고 부장은 난리 떨고(비흡연자) 신경쓰니 짜증만 더 나고 해서 할인하는김에 추천받고 샀는데, 일단 아이스 펄 펴봤는데 좋네요. 더 비싼거도 많지만 카트리지따로 살필요없고 디자인도 쏘쏘해서 정착하게 될듯하네요. 아 멀필지 몰라서 베이직 4종류 다샀는데, 안핀건 교환해줄라나. 스틱은 릴 베이직 아이스펄 추천합니다. (맨솔향강하지 않고 약간 뒷끝만 느껴지는 저같이 맨솔을 그리좋아하지 않는분도 좋아할듯. 물론 목도 시원)",4
seul*******,컬러: 코튼 블루,20250425,5,,찐내가 덜나고 카트리지를 따로 교체할 필요가 없어서 편해요,0
natu******,컬러: 코지 버건디,20250509,5,,안전하고 꼼꼼하게 배송 되었네요 ^^ 저렴하게 잘 샀습니다.,0
k120******,컬러: 코지 버건디,20250427,5,,기존 에이블 쓰다 고장나서 재구매해씁니다,0
knut*******,컬러: 코지 버건디,20250429,3,,생각보다 연무량이 적어서 좀….,0
rlae*******,컬러: 코지 버건디,20250425,5,,좋아요 잘 쓰겠습니다,0
fa****,컬러: 코지 버건디,20250428,4,,좋아요 괜찮습니다^^,0
su****,컬러: 코튼 블루,20250507,4,,전 버전은 담배 꽂으면 인식이 안되는 경우가 종종 있었는데 이건 괜찮네요,0
mysl****,컬러: 스페이스 블랙,20250508,5,,에이블 1.0 보다 좀더 작아저서 사용감 좋음 전자담배로는 이게 최고 인듯,0
th****,컬러: 코지 버건디,20250428,5,,뚜껑이 분리되어서 재구매했어요. 제 입맛에는 리얼아이스가 너무 맞고. 제품도 하자없이 너무 빠르게 배송받았습니다!,0
hms1***,컬러: 코지 버건디,20250512,4,,빠른배송 적극 추천합니다,0
y140***,컬러: 코튼 블루,20250501,4,,괜찮게 쓰고 있어요 처음 접하는건데 조작법도 쉽고 좋네요 다만 배터리 용량이 좀 부족한감이 없지 않아 있네요,0
dkfk******,컬러: 코지 버건디,20250502,5,,빠른배송감사하구요 잘쓰겠습니다 좋아요,0
hava****,컬러: 코지 버건디,20250424,5,,릴 3.0에서 갈아탔습니다 액상 안쓰니 편하네요,0
jm****,컬러: 코지 버건디,20250512,5,,배송빨라서 좋았어요,0
dhck********,컬러: 코지 버건디,20250423,5,,색상 생각보다 예쁘네요,0
jbc8***,컬러: 코지 버건디,20250510,4,,"생각보다,,디자인도예쁘고 만족 합니다,,,",0
sksu***,컬러: 코지 버건디,20250424,5,,냄새도 안나고 좋아요,0
le****,컬러: 코지 버건디,20250411,5,,연초보단 나은듯해요 대신 예열이 잇어서 기다려야해요 배송도 빨라요,0
gksr*****,컬러: 코지 버건디,20250508,5,,고장나서 새로 삿는데 아직까지는 괜찮은거 같아요~,0
skan*****,컬러: 코지 버건디,20250430,4,,기존 차이코스 사용하다가 지인들이 사용해서 바꿨습니다 대체적으로 매우 만족스러운데 배터리가 좀 아쉽긴 합니다.,0
mswm***,컬러: 코지 버건디,20250416,5,,만족합니다 선물드렸는데 좋아하시네요.,1
thss*******,컬러: 코튼 블루,20250403,5,,쓰던게 고장나서 급하게 구매했는데 전용스틱이 따로있는줄몰랐네요😭 빠른배송 감사합니다,1
jsva***,컬러: 샴페인 골드,20250423,5,,좋은 제품 저렴하게 잘샀습니다,0
ktn1***,컬러: 코지 버건디,20250512,5,,연초를 끊을수 있을정도의 타격감. 강추,0
mell*****,컬러: 코튼 블루,20250416,5,,액상안들어가서 너무좋아여 굿굿굿,0
jeon*****,컬러: 코지 버건디,20250509,5,,잘 받았습니다 감사합니다.,0
ps****,컬러: 샴페인 골드,20250502,5,,편해요.......,0
sian*******,컬러: 코지 버건디,20250512,5,,깔끔한 디자인 성능도 좋네여,0
jyj5***,컬러: 코튼 블루,20250413,5,,작동 잘되고 가볍습니다 디자인도 맘에 듭니다,0
acco********,컬러: 코튼 블루,20250410,5,,잘 받았습니다. 릴하이브리드 사용하다가 카트리지가 너무 불편해서 갈아탔는데 너무 편하고 좋네요,0
can2***,컬러: 코지 버건디,20250508,5,,간편하고 쓰기 좋네요 만족합니다,0
gf****,컬러: 코지 버건디,20250512,5,,빠른배송 좋습니다.,0
cool****,컬러: 코지 버건디,20250414,5,,만족합니다 오랜만에 구매했는데 깔끔하고 젛네요,0
ysgz***,컬러: 코튼 블루,20250325,5,,1.0을 쓰다 봐서 그런가 훠얼씨인 이뻐요. 디자인이 괜찮으니 스티커도 이쁜게 많네요 1.0 쓸때는 리모컨이냐고 엄청 놀림 받았는데.. 하...... 이쁘게 할 수 있으면서 왜 그딴....,1
junk****,컬러: 코지 버건디,20250503,5,,갑자기 고장나서 급하게 샀는데 배송 빠르고 잘 되네요,0
wldm*****,컬러: 코지 버건디,20250502,5,,배송도 생각보다 빨리오고 작동도잘한다고 좋아해요,0
bana*******,컬러: 코튼 블루,20250413,5,,주말이라 배송 못받을줄 알았는데 빠르게 잘받았습니다~,0
ring******,컬러: 코지 버건디,20250504,5,,좋아요 좋아요 좋아요 좋아요,0
kapp***,컬러: 코지 버건디,20250418,5,,배송 빠르고 동작 잘되네여~,0
gu****,컬러: 코지 버건디,20250507,5,,선물받은 제품 잃어버려서 다시 구매했습니다,0
kerf*******,컬러: 코튼 블루,20250418,5,,좋은것 같습니다. 번창하시길,0
goeu******,컬러: 코지 버건디,20250506,5,,왕 짱 이쁩니당 색깔 없어서 이거 산건데 잘 신거같아옹,0
99sa****,컬러: 코튼 블루,20250410,5,,첨써봐요이전에연초안폈으면좋겠네요,0
joyc*******,컬러: 샴페인 골드,20250418,5,,별다른변화없이 잘 사용중입니다,0
cryd******,컬러: 코튼 블루,20250425,4,,연무량은 괜찮은데 릴하이브리드가 더 낫네요. 찐내남.. 근데 액상교체 안 해도돼서 그건 편해요.,0
lees*****,컬러: 코튼 블루,20250409,5,,잘 받았습니다 배송도 빠르고 디자인도 고급스러워보입니다. 잘 피워볼개요!,0
musu*******,컬러: 코지 버건디,20250412,5,,동일기종 쓰다가 서브용으로 특가나와서 추가구매 했네요~~좋습니다,0
jhzz*******,컬러: 코튼 블루,20250411,5,,좋아요 발열도 좋네요,0
nk****,컬러: 코튼 블루,20250412,5,,땟깔 곱네요 일단 저는 연초보다 좋네요,0
mora****,컬러: 코지 버건디,20250411,5,,빠른 배송 좋아요 제품도 좋습니다,0
kank****,컬러: 코튼 블루,20250508,5,,연초 생각이 나지 않네요,0
sjp5***,컬러: 코지 버건디,20250502,5,,정말빠른배송 맘에듭니다.,0
gh****,컬러: 코튼 블루,20250405,5,,연초만피다가 시도해봤는데 냄새안나고 깔끔해서 좋습니다ㅎ,0
pall******,컬러: 코지 버건디,20250411,5,,전 모델보다 그립감이 좋아졋어요,1
thev****,컬러: 코튼 블루,20250418,5,,연초 끊기 딱 좋네여,0
re****,컬러: 코지 버건디,20250423,5,,온라인에서 저렴하게 구매할 수 있네요 배송도 빠릅니다,0
pcsh*******,컬러: 코튼 블루,20250417,5,,만족스럽게 사용할게요!,0
atc0***,컬러: 코지 버건디,20250413,5,,두번째구매입니다.좋아요,0
baba****,컬러: 코지 버건디,20250415,5,,친구꺼 사용하다 좋아서 구매했어요…,0
dlwn*******,컬러: 코튼 블루,20250410,5,,배송 정말 빠르고 좋아요,0
yspa****,컬러: 코지 버건디,20250430,5,,빠른 배송 매우 만족이에요,0
unis********,컬러: 샴페인 골드,20250404,3,,고장 잘 남 as 몇 번짼 줄 모르겠음 그냥 솔리드 청소 안 하는 버전 생각했는데 청소 안 하면 찌꺼기는 안 끼지만 액은 흘러서 고장 잘 남,1
lcy2***,컬러: 코지 버건디,20250425,5,,좋아요~~~~~~~!!,0
love****,컬러: 코지 버건디,20250415,5,,추가 구매에요 최곰니다,0
rneh********,컬러: 코튼 블루,20250411,5,,냄새가 몸에 안남아서 좋습니다ㅎ,0
pyk4*****,컬러: 코지 버건디,20250429,5,,배송빠르고 포장꼼꼼하네요,0
chri******,컬러: 코지 버건디,20250505,5,,에이블2.0 만족스러워요,0
qwes*****,컬러: 샴페인 골드,20250502,5,,만족합니다 연초끊었습니다,0
jaem******,컬러: 코지 버건디,20250429,5,,너무 좋습니다 친구선물로 하나 사줬네요,0
ve****,컬러: 코지 버건디,20250409,5,,릴 하이브리드사용중 에이블 할인행사보고 구매했어요,0
pshy***,컬러: 코튼 블루,20250404,5,,예전에 릴 쓰다 이번에 에이블로 변경 배송은 주문 다음날 도착 편의점에 에임 스틱종류가 많이 없네요,0
kkac******,컬러: 코지 버건디,20250429,5,,"이전 제품보다, 담배 인식율도 좋고 디자인도 예뻐요",0
a122***,컬러: 코지 버건디,20250413,5,,선물용으로 최고입니다~이벤트로 오게됬는데 좋아하시네요 다음에 또 구매하러 올께요~^^,0
sopa*****,컬러: 코튼 블루,20250406,4,,결함없이 오래쓸수있으면합니다 빠른배송감사해요,0
doah*****,컬러: 코지 버건디,20250424,5,,너무 좋네요 앞으로 잘 이용하겠습니다,0
ki****,컬러: 코튼 블루,20250312,5,,"두개정도는 가지고 있어야 교차사용 및 배터리 이슈에 대응할수 있기에 깔별로 구매했어요~~! 릴 하이브리드 1.0부터 2.0, 3.0까지 계속 사용해오다 에이블 2.0이 디자인도 컴팩트하고 하이브리드와 크기도 비슷해서 구매해보았어요. 하이브리드의 최대단점은 카트리지가 무조건 있어야 사용이 가능하단점인데 에이블은 그런것 없이도 연한맛의 스틱사용이 가능해 너무 좋네요!",0
wleo***,컬러: 코튼 블루,20250501,5,,만좋바니다 좋아요 굿,0
oska******,컬러: 코지 버건디,20250416,5,,주위동료들에게 이야기듣고 구매했는데 아직사용전인데 일단 색상좋고 가격좋고 배송빠르고 해서 만족힌ㅂ니다 사용후 리뷰 다시 올릴케요,0
hong******,컬러: 코지 버건디,20250409,5,,친구가 추천해줘서 사봐요,0
1028****,컬러: 코지 버건디,20250429,4,,쓰기도 편하고 만족하고 좋네요,0
hste******,컬러: 코튼 블루,20250429,5,,빠른 배송 감사합니다.,0
airf*******,컬러: 코튼 블루,20250322,5,,처음 전자담배를 이것으로 시작한지 한달이 넘었네요ᆢ일단 담배 냄새가 안나서 너무 좋고 가래가 안나와서 참 좋아요,0
ross*******,컬러: 코지 버건디,20250428,5,,배송도 빠르고 제품도 좋아요,0
rlac********,컬러: 샴페인 골드,20250404,5,,베터리도 괜찮고 전작에 비해 가벼운 느낌이라 좋아요,0
bara***,컬러: 샴페인 골드,20250501,5,,너무 편하고 잘사용하고 있습니다ㅋ,0
mfig*****,컬러: 코튼 블루,20250409,3,,깔끔하게 생겨서 가지고 다닐만 합니다,0
toym***,컬러: 코튼 블루,20250410,5,,기존에 사용하던거라 좋습니다,0
siwy****,컬러: 코튼 블루,20250420,5,,배송빠르고 싸게 잘 구입했네요 최저가 확실하네요,0
qkqr*****,컬러: 코지 버건디,20250404,5,,배송 상품 받았어요 아직사용은 안해봤어요,0
jaem******,컬러: 코지 버건디,20250428,5,,너무 좋습니다 재구매할게요,0
kmyr***,컬러: 코지 버건디,20250418,5,,가성비 제품이네요. 배터리가 작은거하고 발열이 좀 있는 편인데 쓸만합니다.,0
park*******,컬러: 코튼 블루,20250409,5,,싸게 잘 샀어요 굳잡,0
gjeh****,컬러: 코지 버건디,20250429,5,,색상도 너무 이쁘고 좋아요!,0
park******,컬러: 코지 버건디,20250424,5,,배송제품 모든것이 마음에듭니다^^,0
ljs2*****,컬러: 스페이스 블랙,20250312,4,,"타입별로 다 사용할 수 있고, 청소가 필요 없는 점이 무엇보다 좋아요. 배터리 잔량 표시도 되고, 상당히 맘에 들어서 오래쓸려고 커버까지 사서 끼웠네요.",0
co****,컬러: 코지 버건디,20250410,5,,할인가격에 잘 구매했습니다.,0
pr****,컬러: 코지 버건디,20250428,4,,2024. 10월 포장 베터리가 빨리 간다,0
wppo*****,컬러: 코지 버건디,20250428,5,,배송빠르고 좋습니다,0
love*******,컬러: 코튼 블루,20250420,5,,디자인 이쁘네요.좋은가격 만족합니다,0
heoj*****,컬러: 코튼 블루,20250411,5,,저렴하게 잘샀습니다.,0
yume***,컬러: 코지 버건디,20250501,5,,싸게 사서 만족합니다~,0
gung*******,컬러: 코지 버건디,20250429,4,,카트리지없이쓰니깐편해요,0
fmck****,컬러: 샴페인 골드,20250416,5,,무엇보다 빨리 가열되서 좋습니다. 남은 모금수가 숫자로 나와서도 편합니다.,0
jhy2***,컬러: 스페이스 블랙,20250422,5,,상당히 만족합니다 맘에들어요,0
juny*****,컬러: 코지 버건디,20250420,5,,쓰던제품 고장나서 새로 삿는데 배송도 빠르고 잘 쓰고 있습니다.,0
na2n***,컬러: 코튼 블루,20250405,5,,빠른배송 멋진 기계 굿입니다,0
00tr****,컬러: 코튼 블루,20250416,5,,기존에 쓰던거 고장나서 주문했는데 배송도 바로오고 좋아요,0
as****,컬러: 코지 버건디,20250422,5,,배송도 빠르고 디자인도 이쁘고 좋아요,0
home****,컬러: 코튼 블루,20250418,4,,배송이 빠르고 생각보다 배터리가 금방 없어지네요,0
song****,컬러: 코지 버건디,20250423,5,,아주 다른세상을 만나고 있습니다. 좋아요~,0
ki****,컬러: 코지 버건디,20250312,5,,"릴 하이브리드 1.0부터 2.0, 3.0까지 계속 사용해오다 에이블 2.0이 디자인도 컴팩트하고 하이브리드와 크기도 비슷해서 구매해보았어요. 하이브리드의 최대단점은 카트리지가 무조건 있어야 사용이 가능하단점인데 에이블은 그런것 없이도 연한맛의 스틱사용이 가능해 너무 좋네요!",0
make****,컬러: 코튼 블루,20250404,5,,배송빠르고 좋아요 ㅎ,0
jjm3***,컬러: 코지 버건디,20250325,5,,그냥 액상없이 쓸수있어서 좋습니다 단점이라면 5번이후 목놈김이 감소가되는게 아쉽네요,0
appr*******,컬러: 코튼 블루,20250413,4,,전자담배 좋네요. 몸에서 담배냄새가 적게 나는 것 같습니다. 고장없이 잘 썼으면 좋겠습니다.,0
pds3****,컬러: 코지 버건디,20250419,4,,배송은 이틀걸렸지만 상품은 만족합니다,0
sbh0*****,컬러: 코지 버건디,20250428,5,,편리하고 좋습니다.,0
g_fr*****,컬러: 코지 버건디,20250324,5,,싸게 잘 샀습니다. 찌꺼기가 끼지 않아서 너무 좋네요,0
gams***,컬러: 샴페인 골드,20250428,5,,맛이 좋아요~~~~,0
chip***,컬러: 코지 버건디,20250409,5,,"디자인 색상 그립감 모두 업그래이드 되었고, 힛팅도 빨라졌네요. LED창도 고급져요",0
seo0****,컬러: 코지 버건디,20250407,5,,전담 다른기계도 써봤는데 릴2.0 좋아요. 연무량도많고 아쉬운건 밧데리가 빨리없어지네요.,0
lk****,컬러: 샴페인 골드,20250407,5,,편하게잘 사용하고 있어요. 담배 냄새도 안나고 좋은 것 같아요. 생초 피우시는 분들에게 적극 권장 드립니다.^^,0
bird****,컬러: 코지 버건디,20250419,5,,카트리지가 없어서 사용하기 간편하고 좋습니다,0
riki****,컬러: 코튼 블루,20250403,5,,빠른배송과 색상..,0
dmlf*******,컬러: 코지 버건디,20250423,5,,담배 종류가 많아서 좋네요~,0
hifr*******,컬러: 샴페인 골드,20250402,5,,역시릴이최고예요!!,0
gksr******,컬러: 코지 버건디,20250410,4,,배송엄청빨라요. 지인이 사용하는거보고 구매했어요.,0
abba****,컬러: 샴페인 골드,20250416,5,,아이코스 1년 써봤는데 이번에 갈아타봤는데 너무 좋음,0
aree****,컬러: 코지 버건디,20250422,5,,완전 강추합니다 ㅎ,0
newp****,컬러: 코지 버건디,20250418,5,,좋은 가격 빠른배송 좋습니다,0
ssak***,컬러: 코지 버건디,20250409,4,,배송이 엄청 빠릅니다. 아직 사용 전이라 그런데 잘 사용할게요~,0
pjw3***,컬러: 코튼 블루,20250416,5,,전모델이 망가져서 바꿨는데 좋아요,0
jung****,컬러: 코튼 블루,20250418,5,,빠른배송 감사합니다~^^,0
chan******,컬러: 코지 버건디,20250224,5,,"릴 하이브리드 이용중인데, 카트리지의 교체주기가 매번 불명확하여 이용함에 불편함을 자주 느끼다 지인께서 에이블 사용하시는 것 보구서 고민없이 구매 하였습니닷!^^~ 한동안 두 모델을 이용하다 에이블에 적응하면 완전히 갈아타구서 하이브리드는 보조로 사용해보려 하에욤~^^* 저처럼 카트리지땜에 애잡수시는 분? 요 에이블 함 써보시길 추천드려요*^^*",1
gksk*****,컬러: 코지 버건디,20250307,5,,원래는 하이드로시 썼다가 변기에 빠져 ㅜㅜ 고장났어요.. 보장받는거보다 더할인을해주고 카트를 안끼우고 필수 있다는 장점때문에 할인할때 샀어요.. 연무량은 많이는아니고 그럭저럭 할만해요,0
sang*****,컬러: 샴페인 골드,20250411,5,,한달 사용해보니까 기존 쓰던거 보다 퀄리티 죽이네요,1
dmsg*****,컬러: 코튼 블루,20250228,5,,배송도빠르고 할인할때 사서 너무 만족합니다~~,1
dytp******,컬러: 샴페인 골드,20250225,5,,바로 하나더 주문했어요 블랙 하려고했는데 품절이네여 ㅠㅠ 그래서 같은거로 하나더 주문!,0
kore****,컬러: 스페이스 블랙,20250418,5,,냄새도 많이 안나고 좋습니다,0
sang*******,컬러: 스페이스 블랙,20250409,5,,너무 만족스럽고 친구들도 다 아이코스에서 갈아탔습니다,1
m7****,컬러: 샴페인 골드,20250415,5,,특별한 고장도 없고 잘 사용하고 있어요,0
dytp******,컬러: 샴페인 골드,20250225,5,,좋은상품 저렴하게 잘 구매한것같아요 사용후에 하나더 구매해야겠네오,1
say9***,컬러: 코지 버건디,20250420,5,,아주아주 맘들어요!,0
kimh******,컬러: 코튼 블루,20250413,5,,배송 빠르게 잘 받아서 잘 사용하고 있습니다,0
hag5***,컬러: 코튼 블루,20250415,4,,담날 배송 도착 아직 사용중 문제 없음,0
sooh****,컬러: 스페이스 블랙,20250417,5,,고장안나고 잘 쓰고있습니다.,0
tess*******,컬러: 샴페인 골드,20250401,3,,에이블기기는 1 이랑 느낌이 다르네요 가격 대비 퀄리티가 좀 괜찮아 졌으면 좋겠습니다.,0
sihu***,컬러: 코튼 블루,20250412,4,,빠른 배송 감사 드립니다,0
hyer******,컬러: 샴페인 골드,20250301,5,,"릴 하이브리드 계열만 피다가 처음으로 카트리지 없는 거 사용하는데 좋은 거 같아요 타격감도 좋고 카트리지를 부수적으로 안 사도 되는 편리함이 삶의 질 상승입니드 진짜 *^,,",2
jina****,컬러: 코튼 블루,20250411,4,,배송도 빠르고 저렴하게 잘 구매했어요,0
bibi*****,컬러: 코지 버건디,20250416,5,,만족합니다 추천합니다,0
haha****,컬러: 샴페인 골드,20250327,5,,이상없이 잘 사용하고 있답니다~~~,0
jinu****,컬러: 코튼 블루,20250410,5,,만족해요 배송이 빨라요 제조기간이 짧아요 추천합니다.,0
ruke********,컬러: 코튼 블루,20250413,5,,디자인과 배송 만족합니다,0
shyb******,컬러: 코지 버건디,20250423,5,,"1.0보다 가볍고, 손에 ㅊㅘㄱ 들어오네요",0
0119*******,컬러: 코지 버건디,20250324,5,,저렴하게 판매해서 구매했어요,0
gusw********,컬러: 코튼 블루,20250402,5,,편리하게 잘 사용하는 중입니다! 만족해요!!,0
ream***,컬러: 코튼 블루,20250412,5,,배송 빠르고 만족합니다,0
ilov******,컬러: 코튼 블루,20250408,5,,ㅋㅋㅋ 너무자주피게되는데...조금줄일방법도 알려주세요,0
i011****,컬러: 코지 버건디,20250409,5,,빠른배송 너무 좋아요,0
dlwo******,컬러: 코지 버건디,20250411,5,,ㅋ 담배를 끊어보고자 선택했는데 괜잖네요,0
rlgh*****,컬러: 코튼 블루,20250409,5,,삐른 배송 감사합니다,0
koko********,컬러: 스페이스 블랙,20250327,5,,진짜좋아요~~!!늘쓰던거에요 진짜잘쓰고있어요 이만한게없어요,0
ttkk******,컬러: 코튼 블루,20250405,5,,할인받아 잘샀구요 작동잘되고 좋아요,0
joun****,컬러: 코튼 블루,20250407,5,,연초처럼 필수있어서좋은거같읍니다,0
ykt6***,컬러: 코지 버건디,20250324,5,,사용하기 편리합니다,0
wong*******,컬러: 코지 버건디,20250407,5,,배송빠름 가격착함 모든게 완벽하네요 ㅎ ㅎ,0
send******,컬러: 코튼 블루,20250313,5,,공식몰 할인으로 샀는데 연무량은 부족하나 카트리지가 따로 필요 없어 편하네요,0
gmlc******,컬러: 코튼 블루,20250411,5,,담배대용으로 괜찮습니다,0
1994***,컬러: 코튼 블루,20250410,5,,연초 끊으려고 구매했습니다,0
buyo*******,컬러: 코튼 블루,20250317,5,,잘 사용하고 있어요 저렴하고 배송 빨라요,0
h2ji*****,컬러: 코튼 블루,20250404,5,,꼼꼼하게 포장되어 빠르게 배송 되었습니다,0
blan***,컬러: 스페이스 블랙,20250317,5,,포장상태도 좋고 배송 빨라요.,0
in****,컬러: 스페이스 블랙,20250312,5,,고장나서 또구매 배송빨라조음,0
anre***,컬러: 코튼 블루,20250416,5,,ㄹ러엉어덛ㄷㅈ저주주,0
kjmm****,컬러: 코튼 블루,20250321,5,,잘 사용 중입니다.,0
jyng****,컬러: 스페이스 블랙,20250404,5,,너무쪼아용 ㅎ-ㅎ 행사 또해라,0
kiss*****,컬러: 샴페인 골드,20250225,5,,빠른배송 좋아요 외관도 고급스럽고 저렴하게 잘 구매햇습니다 릴 청소하기 귀찮아서 에이블로 넘어왓습니다,1
clos****,컬러: 코튼 블루,20250420,5,,좋아요좋아요좋아요좋아요,0
ku****,컬러: 코지 버건디,20250407,5,,상태도 좋고 가격도 싸고 좋습니다,0
open******,컬러: 코지 버건디,20250221,5,,"회의나 보고 들어가기전 대용으로 좋아요, 연사 예열이 조금 아쉽고 하이브리드 대비 무화량은 살짝 아쉽지만 맛은 좋아요.",1
tost****,컬러: 샴페인 골드,20250314,5,,만족하며 잘 쓰고있습니다,0
smal****,컬러: 샴페인 골드,20250411,5,,잘 쓰고 있습니다~~^^,0
smal****,컬러: 코지 버건디,20250411,5,,잘 쓰고 있습니다~~^^,0
djsk*****,컬러: 코지 버건디,20250419,5,,좋아요좋아요좋아요좋아요,0
jeon*****,컬러: 코튼 블루,20250324,5,,릴 사용한지 오래되었는데 에이블 2.0 좋은가격에 잘 구매해서 사용하는것 같아요 아주 좋아요 !,0
jjja****,컬러: 코튼 블루,20250401,5,,추천합니다 사용이 편리하고 깔끔합니다,0
kimy********,컬러: 스페이스 블랙,20250219,5,,항상 좋은 상품 감사합니다 더 향샹된 기능으로 사용하게 되길 바랍니다,0
viol****,컬러: 샴페인 골드,20250309,5,,써보니 다른 기기보다 좋네요. 편리해요.,0
suri****,컬러: 코튼 블루,20250311,5,,2번째 구매입니다 강추합니다,0
xxbo********,컬러: 스페이스 블랙,20250224,5,,솔리드 좀 질려서 행사가에 구매했어요! 좋아요! 자동기능과 멈춤기능 정말 맘에 듭니다!!,0
clos****,컬러: 코튼 블루,20250407,5,,좋아여좋아여좋아여!,0
wlst********,컬러: 코지 버건디,20250314,5,,잘쓰고잌ㅅ습니당 좋아요,0
disc*******,컬러: 코지 버건디,20250218,5,,릴에이블 쓰다가 2.0으로 갈아탓는데 좋네요,0
icek***,컬러: 샴페인 골드,20250222,5,,정말 딱 필요한 시점에 적당한 가격으로 잘 구매했네요. 제품도 문제없고 디자인도 마음에 드네요. 좋은 제품 좋은 가격에 잘 구매했습니다.,0
mode****,컬러: 코튼 블루,20250219,5,,편의점 안가고 집으로 배송되는점 넘 좋구요 한번사면 3달쓰는거같아여 연속으로 해서긍가ㅜㅜ두개쟁여놓고 오류뜨면 대체해서 쓰려구여,0
qkrw*******,컬러: 코튼 블루,20250303,1,,사기전에 참고 해라 릴 충이라서 릴하이브리드/ 에이블/ 에이블 2.0 순으로 계속 바꿔가면서 사용중인데 내가 뽑기운이 안좋은건지 셋다 쓰다가 숫자카운트 맛탱이 갔고 이번에 2.0은 정확히 일주인도 안되서 맛탱이 갔다 나만 그런거일수도있는데 주위 친구들도 다한번씩걸린 증상이라는점 숫자 카운트 맛탱이 가는거 릴 종특 인거같은데 얘네 기술력이 그냥 없고 고칠생각이없어보임,2
naka****,컬러: 코지 버건디,20250408,5,,12345678910괜춘,0
tagi***,컬러: 코튼 블루,20250226,4,,"연초에서 처음으로 바꿨습니다. 하나 피고 나면 발열감은 좀 있지만, 디자인이나 성능면에소 만족합니다.",0
pg00****,컬러: 샴페인 골드,20250228,5,,기존에 쓰던것에 한개 더 추가했습니다. 색이 이쁩니다.,0
mart****,컬러: 샴페인 골드,20250227,5,,아이코스에서 넘어 왔습니다. 그래서 한개 더 구입했네요 많이 파세요,0
hg****,컬러: 샴페인 골드,20250314,4,,제품 보호와~안정감이 있네요~색상은 검은색 보다는 밝은색으로 할걸~~조금 후회 스럽지만~~잘 쓸게요~~,0
yiw9***,컬러: 샴페인 골드,20250226,5,,굿 입니다 이젠 인터넷 으로 전자담배를 살수 있군요 넘 편하고 좋습니다,0
wood***,컬러: 샴페인 골드,20250303,4,,배송은 빠른데 릴에이블1 하고 담배 맛니 좀 틀려요,1
iz****,컬러: 스페이스 블랙,20250225,5,,배송빠르고 제품 만족스러워요 그전 모델보다 만듦새가 낫네요,0
miku******,컬러: 샴페인 골드,20250301,5,,만족합니다 ㅋㅋㅋ 릴하이브리드끄쓰다넘어옴유,0
sunh****,컬러: 코튼 블루,20250224,5,,연초는 냄새가 너무 심하고 액상형은 호흡기마냥 입에 달고 살아서 친구 추천으로 바꿨는데 만족합니다,0
da****,컬러: 샴페인 골드,20250223,5,,지인추천으로 구매했습니다. 릴 하이브리드보다 괜찬을지는 써봐야겠네요^^,0
k_****,컬러: 스페이스 블랙,20250219,5,,에이블 1.0쓰다가 남친이 뺐어가서 2.0 할인하길래 주문했어요 타격감은 기존꺼보다 약하긴한대 괜찮아요!,0
mild***,컬러: 샴페인 골드,20250309,5,,아주 저렴하게 좋은 제품 구입~^^,0
deal*****,컬러: 스페이스 블랙,20250324,5,,흡연자들은 잘 알고 있는 타격감이란게 좋네요,0
0166******,컬러: 코튼 블루,20250303,5,,기존 사용하던게 고장나서 새로 싸게 구입 잘했습니다.,0
park****,컬러: 코튼 블루,20250315,4,,잘 사용중입니다. 다만 카운팅이 가끔 틀릴때가 있어요. 감안하고 사용하셔야합니다.,0
dbsg***,컬러: 코튼 블루,20250327,5,,좋은제품 감사합니다.,0
mins***,컬러: 스페이스 블랙,20250220,5,,에이블원래사용하는데 저렴하게 출시되었길래 짝꿍피보라 구매했어요 좋네요,0
sabi****,컬러: 샴페인 골드,20250302,5,,배송빠르고 색상도 고급스러워보여요,0
in****,컬러: 코튼 블루,20250312,5,,잘쓰고있어요~~~~,0
dual******,컬러: 샴페인 골드,20250225,5,,"예상했던것 보다 훨씬 좋네요. 이전에 아이코스 일루마 사용중이었는데, 특유의 찐냄새때문에 고민이 많았었다가 이번에 에이블로 바꾸고 나니 그런 고민이 사라졌습니다. 하이브리드는 어떤지 모르겠습니다만, 에이블도 스틱 선택폭이 넓어서 충분히 괜찮은 대안이지 않나 싶네요.",0
jaeh*******,컬러: 스페이스 블랙,20250219,5,,너무 괜찮아요! 하이브리드랑 고민했는데 이것도 좋은 거 같아요!,0
pooh***,컬러: 스페이스 블랙,20250326,5,,저렴한 가격에 잘 샀습니다,0
bb****,컬러: 샴페인 골드,20250223,5,,3.0이냐 2.0이냐 고민했는데...2.0이 편해요. 추가 액상 구입하지 않아도 되고요!!,0
sjp5***,컬러: 샴페인 골드,20250325,5,,카트리지를 넣지않아도되서 넘넘 편하ㅂ니다,0
ca****,컬러: 샴페인 골드,20250225,5,,잘 써볼께요. 디자인 이쁘고 깔끔하네요.,0
rain******,컬러: 샴페인 골드,20250223,5,,빠른 배송 좋아요..잘 쓸께요..,0
jame****,컬러: 샴페인 골드,20250321,5,,좋은가격에 정품제품잘샀어요,0
swin****,컬러: 샴페인 골드,20250327,5,,좋습니다. 좋아요 !!,0
khja****,컬러: 코튼 블루,20250319,5,,그립감 좋습니다. 배송도 빠르구요.,0
psk3*****,컬러: 코튼 블루,20250219,5,,디자인 이쁘네요.. 성능은 나아진게 있을지.. 좀 더 써 봐야겠어여,0
petr*****,컬러: 코지 버건디,20250218,5,,이것저것 써봤지만... 최고의 전담입니다.^^ 만족합니다.,0
will****,컬러: 스페이스 블랙,20250222,5,,아주좋아요 ㅎ 감사합니다,0
te****,컬러: 코튼 블루,20250227,5,,쓰던거라 만족합니다 많이 파세요,0
dnjs*******,컬러: 샴페인 골드,20250225,5,,좋아요! 싸게 잘 샀어요,0
graz**********,컬러: 샴페인 골드,20250316,5,,선물인에게 선물로 드렸는데 좋아 하셨고 작동이 잘됩니다,0
0205***,컬러: 스페이스 블랙,20250227,5,,배송빠르고 저렴하세 잘삿어요,0
qwer******,컬러: 샴페인 골드,20250220,5,,배송빠르고 모양 이쁘네요. 써보고 좋으면 애용할께요,0
anrm*******,컬러: 코튼 블루,20250224,5,,제품 좋아요 가격도 만족,0
ymy5***,컬러: 샴페인 골드,20250223,5,,타격감도 좋고 디자인도 깔끔하고 좋네요 빠른배송도 만족스럽습니다,0
kang********,컬러: 코지 버건디,20250220,5,,빠른배송 감사해요. 불량없이 오래 사용하고 싶어요.,0
litt********,컬러: 샴페인 골드,20250220,5,,하나사고 쓰다가 하나 더필요해서 주문했어요 잘쓸게요,0
yun_****,컬러: 코튼 블루,20250223,5,,배송이빨라요 맛이좋아요,0
kkhj****,컬러: 샴페인 골드,20250219,5,,굿굿굿 보상판매보다 쌈 쟁여둠 ㅎㅎ 블루가 제일 예쁜듯,0
4745***,컬러: 샴페인 골드,20250222,5,,기존 구형 에이블에 비해 타격감이 좀 약한듯 하지만 고속충전 가능해서 좋습니다.,0
kiss******,컬러: 샴페인 골드,20250222,5,,네이비샀는데 좋다고 더 삽니다 이건뭐 금연을 못하고 가짓수만 늘어나요,0
dldm*****,컬러: 코튼 블루,20250301,5,,굿굿좋아요 잘쓸꺼에여,0
jjja****,컬러: 코튼 블루,20250219,5,,디자인 좋아요~ 그립감도 좋고,0
kw****,컬러: 코튼 블루,20250220,5,,릴 하이브리드 쓰다 넘어왔어요 기대 되네요,0
woor*****,컬러: 샴페인 골드,20250314,5,,배송빨라요 쓰던기계 고장나서 삿는데 좋아요,0
abba****,컬러: 샴페인 골드,20250319,5,,배송 빠르고 만족스럽니다,0
shar*****,컬러: 샴페인 골드,20250222,5,,적응되면 바꾸기 힘든 제품이라..에이블 1.0 보다는 훨 맘에 듭니다..,0
nhs0***,컬러: 코튼 블루,20250227,5,,싸게잘구입해서 좋아요,0
bara***,컬러: 샴페인 골드,20250219,5,,좋네요 타격감 괜찮고 돌아돌아서 릴에이블이네요ㅋ,0
coll*****,컬러: 샴페인 골드,20250227,5,,사이즈는 작은데 달고 맛있어요 가격도 싸네요,0
namm******,컬러: 스페이스 블랙,20250224,5,,좋아요 이벤트로 보상보다 싸게삼,0
jung*******,컬러: 샴페인 골드,20250223,5,,색상도이쁘고 배송도 빨라서 좋았어요!,0
hide***,컬러: 코지 버건디,20250227,5,,잘쓸게요 많이 파세요,0
free********,컬러: 스페이스 블랙,20250221,5,,빠른 배송 좋아요 굿굿굿,0
judu*****,컬러: 샴페인 골드,20250221,5,,저렴한가격 빠른배송 감사합니다,0
suri****,컬러: 샴페인 골드,20250223,5,,연초에서 바꿨는데 냄새도 안나고 의외로 잘맞습니다,0
dnjs******,컬러: 샴페인 골드,20250226,5,,생각보다 너무 좋습니다,0
cy****,컬러: 샴페인 골드,20250218,5,,빠른배송에 만족합니다. 잘 사용할께요.,0
judt****,컬러: 샴페인 골드,20250227,5,,잘 되고 맘에듭니다~,0
judt****,컬러: 스페이스 블랙,20250227,5,,잘 되고 맘에 듭니다~,0
hiph******,컬러: 코튼 블루,20250222,5,,배송도 빠르고 제품도 맘에 들어요,0
airf*******,컬러: 코튼 블루,20250218,3,,처음 전자담배 구매 해 봤어요 아직 사용전 입니다,0
sksn***,컬러: 코지 버건디,20250222,5,,릴 에이블 1세대에서 갈아탔습니다 딱 생각하시는 그대로에요!,0
whiz****,컬러: 코튼 블루,20250409,5,,매우매우 만족합니다.,0
song****,컬러: 스페이스 블랙,20250225,5,,충전이 빠르고 다른제품에비하여 성능이좋음,0
imp0***,컬러: 코지 버건디,20250307,4,,남편선물했어요~담배를 못끊어서 바꿨는데 냄새안나서 좋아요~,0
blac****,컬러: 샴페인 골드,20250225,5,,배송 빠르고 기대 됩니다,0
win_***,컬러: 샴페인 골드,20250225,5,,배송 빠르고 감사해요,0
dydr*****,컬러: 코지 버건디,20250227,5,,디자인도 좋고 전반적인 사용감이 개선된듯 보이네요 가격대도 젹당한것 같고 나름 만족합니다,0
colo****,컬러: 샴페인 골드,20250225,5,,저렴한 가격에 잘 구입했습니다,0
guma****,컬러: 코튼 블루,20250220,5,,기존 에이블 1.0 사용이후 에이블 2.0으로 업그레이드..하루 사용했지만 나쁘지않음..,0
kang********,컬러: 샴페인 골드,20250220,5,,빠른배송 너무나 고맙습니다. 잘 사용할게요,0
gwan********,컬러: 샴페인 골드,20250219,5,,기존 에이블 제품 사용하다가 세일한다고 해서 주문했습니다 좋네요,0
kmg1***,컬러: 코튼 블루,20250308,4,,얼굴 흉터로 래이져 치료 받으면서 재생크림 사용하려고 구매했는데 더써좌야 알거 같아요,0
ssjg****,컬러: 코튼 블루,20250218,5,,생각이상으로 좋아요!!,0
bi****,컬러: 샴페인 골드,20250224,5,,빠르게 도착 했습니다,0
jyi0***,컬러: 스페이스 블랙,20250221,5,,모든 릴 썼지만 에이블2.0을 가장 만족해요,0
81yu*****,컬러: 코지 버건디,20250220,5,,배송이 빠르고 저렴하게 구매했어요,0
kcw5***,컬러: 샴페인 골드,20250223,5,,배송빠르게 잘받았습니다~,0
unis********,컬러: 샴페인 골드,20250221,5,,배송 빠름 고장은 잘 나서 좀 귀찮음.,0
ah75****,컬러: 샴페인 골드,20250222,1,,이거별로네요 ㅠ 찐네나요ㅠ,0
visi******,컬러: 샴페인 골드,20250218,5,,빠른배송에 저렴하게 잘샀어요,0
visi******,컬러: 스페이스 블랙,20250218,5,,빠른배송에 저렴하게 잘샀어요,0
jame****,컬러: 샴페인 골드,20250219,5,,타격감 연무량 스틱종류도 많아서 좋아요,0
jisu*****,컬러: 샴페인 골드,20250312,3,,배송은 생각보다 많이 늦어서 ᆢㅠ,0
love*******,컬러: 샴페인 골드,20250221,5,,가볍고 빨리 가열되어서 좋아요,0
deal*****,컬러: 스페이스 블랙,20250220,5,,빠른 배송도 좋고 디자인이 예쁘네요,0
zziz****,컬러: 샴페인 골드,20250222,5,,싸게 잘샀습니다 좋아요,0
anak***,컬러: 스페이스 블랙,20250221,5,,릴은 최고쥬 이번엔 블랙으로,0
hp****,컬러: 코튼 블루,20250314,5,,만족합니다 좋아요.,0
ragi***,컬러: 샴페인 골드,20250218,4,,하루만에 배송 기존에 사용하던 제품 행사해서 재구매.,0
nypd***,컬러: 샴페인 골드,20250312,5,,아이코*를 능가하는 효능에 놀랐습니다. 소프트 합니다.,1
ck****,컬러: 샴페인 골드,20250305,5,,흡연후 기기내 찌꺼기가 발생하지않고 처음부터 끝까지 연무가 일정하서 좋아요,1
dmsr*******,컬러: 코튼 블루,20250222,5,,연무량이 살짝 아쉬워요,0
joyc*******,컬러: 샴페인 골드,20250221,5,,배송빠르게 잘받았습니다,0
hsb2***,컬러: 샴페인 골드,20250221,4,,색깔도 괜찮고..배송도 빠르고 쓰기 편해요.!,0
wons**********,컬러: 코튼 블루,20250221,5,,작동잘되고 좋네용 굿굿띠,0
dbmu***,컬러: 샴페인 골드,20250219,5,,배송도 빠르고 좋아요,0
caha***,컬러: 코지 버건디,20250219,5,,사용편리하고 연무량 만족합니다,0
7603****,컬러: 코튼 블루,20250225,5,,잘 받았습니다 많이 파세요 감사합니다. 빠른배송도 감사합니다.,0
dldk*******,컬러: 스페이스 블랙,20250221,5,,디자인 깔끔해서 좋아요,0
jeon*****,컬러: 코튼 블루,20250222,5,,저렴하게 잘 샀어요,0
abad******,컬러: 샴페인 골드,20250219,5,,빠른배송 감사합니다.,0
haha****,컬러: 샴페인 골드,20250221,5,,배송 빠르고 제품도 좋습니다~~~,0
mode****,컬러: 코지 버건디,20250219,5,,편의점 안가도 되니 넘 좋아요,0
redm******,컬러: 샴페인 골드,20250221,5,,1.0 보다 편리해서 너무 좋네요,0
ough***,컬러: 코튼 블루,20250311,5,,잘 쓰고 있습니다 만족스러워요,0
apo0***,컬러: 코튼 블루,20250221,5,,추천 받아 구매했습니다.,0
drag******,컬러: 샴페인 골드,20250223,4,,빠른 배송 감사합니다. 단점은 수명이 1년을 못넘기는 경우 다반사. 타브랜드 연초 병합 불가인점....^^,0
gusw********,컬러: 코튼 블루,20250305,5,,빠른 배송이 맘에 들었습니다 일단 잘 써보겠습니다!,0
immi****,컬러: 샴페인 골드,20250222,5,,향부선물로 구매했어요,0
kimh*****,컬러: 코지 버건디,20250223,5,,매우 만족합니다ㅋㅋ,0
ljh0***,컬러: 스페이스 블랙,20250218,5,,찐담배 특유의 냄새도 없고 좋아요~^^,0
hyac********,컬러: 샴페인 골드,20250221,5,,포장 깔끔하고 좋아요ㅎㅎ,0
dnfw*******,컬러: 스페이스 블랙,20250218,5,,배송겁나빠르고 싸게 삿어요,0
smal****,컬러: 코지 버건디,20250316,5,,잘 쓰고 있어요. 잘 쓰고 있어요.,0
napo***,컬러: 코튼 블루,20250219,5,,솔리드에서 넘어 왔는데 좋내요,0
cres*****,컬러: 샴페인 골드,20250305,5,,싸게 잘 구매했습니다 항상 대박나세요 감사하구 고맙습니다,0
ksys*****,컬러: 샴페인 골드,20250218,5,,릴 에이블로 갈아타려고 사봤습니다,0
scou****,컬러: 샴페인 골드,20250225,5,,연무량도 괜찬고 스틱의 다양함으로 만족합니다 전 연초를 줄이고자 구매했고 액정만 있는 스틱도 있어 만족합니다,0
soup****,컬러: 코튼 블루,20250219,5,,그래뉼러 아이스가 맛있네요,0
jang*******,컬러: 샴페인 골드,20250218,5,,AI가 적용되어 있어 좋아요,0
ella***,컬러: 샴페인 골드,20250311,5,,너무 착한가격에 재구매 했어요.,0
tho1***,컬러: 샴페인 골드,20250218,5,,빠른배송감사합니다!!!!!!!!!,0
yama****,컬러: 샴페인 골드,20250228,4,,제품은 좋습니다. 친구꺼 펴 볼 때는 괜찮더만 구입해서 펴보니 연초 대체가 힘드네요 ㅠㅠ ㅋㅋ,0
hifr*******,컬러: 샴페인 골드,20250219,5,,에이블이짱이예요!!,0
ke****,컬러: 코지 버건디,20250226,3,,냄새가적음.....,0
06****,컬러: 샴페인 골드,20250227,1,,"처음 5~6모금 괜찮음 , 그 다음부터 그냥 아무 맛 안남ㅋㅋㅋ할인 할때 일루마원 이게 훨씬 유지 및 맛 좋은듯 돈 아깝지만 샀으니 그냥 사용",0
ps****,컬러: 샴페인 골드,20250225,3,,맛이 약해요......,0
kkan********,컬러: 샴페인 골드,20250307,5,,배송도빠르고 릴 에이블 좋네요~,0
ahdg****,컬러: 샴페인 골드,20250221,5,,상품 좋습니다..ㅎㅎㅎ,0
ykt6***,컬러: 스페이스 블랙,20250218,5,,사용하기 편리합니다,0
dang*****,컬러: 샴페인 골드,20250304,4,,예전제품보다 금방 담배를 피우게 되는 느낌이 드네요,0
kur4***,컬러: 스페이스 블랙,20250218,5,,잘쓸게요 감사해요!,0
ytu5***,컬러: 스페이스 블랙,20250306,5,,이뻐서 너무 맘에드네요,0
cndr****,컬러: 코지 버건디,20250227,5,,하브3.0 쓰다가 갈아탔는데 일단 카트리지 교환 안해서 넘편하고.. 담배 카테고리 종류가 다양해서 좋습니다,0
mand***,컬러: 스페이스 블랙,20250218,5,,아 그래. 이 맛이야.,0
mand***,컬러: 샴페인 골드,20250218,5,,아 그래. 이 맛이야.,0
sang*******,컬러: 스페이스 블랙,20250219,3,,릴 에이블 1.0을 쓰고 있습니다. 생각보다 연무량이나 목넘김이 1.0보다는 좋은거 같진않네요..,0
ajgh***,컬러: 코지 버건디,20250305,5,,빠른배송 좋아요~^^,0
soul*******,컬러: 샴페인 골드,20250225,5,,좋아요ㅎ연무량도 좋아요,0
1002****,컬러: 코튼 블루,20250302,5,,빠른 배송 감사합니다,0
goog******,컬러: 샴페인 골드,20250223,2,,개인차가 있겠지만 에이블 2.0보다 타격감이 확 떨어지네요. 그냥 1.0쓰고 말겠어요,0
kkac******,컬러: 코지 버건디,20250218,5,,"기존 릴을 썼었는데, 기존거 보다 더 예쁘네요. 빠른 배송 만족합니다",0
leek*****,컬러: 샴페인 골드,20250223,4,,기존거랑 같은건줄알고 샀는데 착각했네요..이왕산거 한번 바꿔봅니다~,0
klon***,컬러: 코지 버건디,20250228,5,,빨리도착해서 너무좋네요,0
gomd*****,컬러: 스페이스 블랙,20250303,5,,만족합니다 만족합니다,0
smal*****,컬러: 코튼 블루,20250225,4,,"디자인이 맘에 들고요, 아직 써보진 않아서 타기능은 잘 모르겠어요.",0
rs****,컬러: 샴페인 골드,20250223,5,,좋아요좋아요좋아요좋아요좋아요,0
alex***,컬러: 샴페인 골드,20250302,5,,편하고 좋네요 감사합니다,0
lh****,컬러: 코튼 블루,20250224,5,,하이브리드 쓰다 넘어왔는데 카트리지 교환 필요없어서 너무편함 맛도 다양,0
pooh***,컬러: 스페이스 블랙,20250224,5,,이천센터에서 택배가 하루 쉬다 온것말고는 저렴하게 잘 구매했어요,0
9006***,컬러: 샴페인 골드,20250228,5,,디자인 너무이쁨 휴대하기 편함,0
dogs***,컬러: 샴페인 골드,20250219,5,,생각보다 괜찮아요. 배터리가 조금 빨리 닳는거 같은 느낌.,0
tjdw****,컬러: 샴페인 골드,20250228,5,,너무세련되고 제스타일입니다,0
hihy******,컬러: 코지 버건디,20250222,5,,선물로 사줬는데 받은사람이 예전사용보다 빠르다고 좋아하네요 ^^,0
sl****,컬러: 스페이스 블랙,20250220,5,,배송 빠르고오~ 제품 좋네요 !! ㅎㅎ 디자인 이쁘고 좋아요 ㅎㅎㅎ,0
mc****,컬러: 샴페인 골드,20250228,4,,2연타 하고 안되는게 좀... 더 피고싶은데 필 수가 없네,0
jdso****,컬러: 스페이스 블랙,20250301,5,,감사합니다 감사합니다,0
cjst********,컬러: 샴페인 골드,20250224,5,,연초 끊으려고샀는데 냄새안나고엄청좋네요,0
die0****,컬러: 샴페인 골드,20250221,5,,이번에 처음으로 접해본기계..ㅋㅋ 아주 만족합니다~~!!,0
jong****,컬러: 스페이스 블랙,20250226,5,,잘 받았습니다. 감사합니다.,0
tedd****,컬러: 스페이스 블랙,20250221,4,,다 좋은데 두대이상 못피게 해놓았어요… 열 땜에 세대 연속 못펴오,0
newc*******,컬러: 샴페인 골드,20250225,5,,만족합니다 배송빠릅니다,0
lk****,컬러: 샴페인 골드,20250302,5,,에이블2.0 잘받아서 사용하고 있어요,0
love****,컬러: 샴페인 골드,20250227,5,,배송도빠르고 제품도이상없네요,0
dmsr******,컬러: 스페이스 블랙,20250306,5,,편의점보다 싸게 사서 좋아요 ㅅㅅㅅ,0
mu****,컬러: 코튼 블루,20250225,5,,배송이빠르고 좋아요,0
no****,컬러: 스페이스 블랙,20250223,5,,배송 제품 모두 마음에 듭니다,0
li****,컬러: 코튼 블루,20250224,5,,실리콘케이스 없어도 그립감 좋아요,0
jk****,컬러: 코지 버건디,20250221,5,,공식샾이라 그런지 빠른배송 좋아요,0
m7****,컬러: 샴페인 골드,20250221,5,,배송빠르고 디자인이 마음에 들어요,0
mina*****,컬러: 코지 버건디,20250302,5,,빠르게 잘왔어요~~^^,0
nefe********,컬러: 스페이스 블랙,20250218,5,,맘에드네요 배송빠르거,0
catc***,컬러: 샴페인 골드,20250225,3,,잘 사용하겠습니다 감사합니다,0
ktek******,컬러: 샴페인 골드,20250225,1,,릴 에이블 사지마십쇼 .. 4입 빨면 연기 안나옵니다,0
kira****,컬러: 스페이스 블랙,20250221,5,,공식 판매처에서 구매해서 상품도 좋고 배송도 빨라요,0
05st***,컬러: 샴페인 골드,20250228,5,,1보다 훨씬낫네요 조아요,0
lee6****,컬러: 코튼 블루,20250219,5,,첫느낌은 좋아요. 이 느낌이 계속 지속되면 좋겠내요.,0
dlwl*****,컬러: 코튼 블루,20250219,5,,총알배송 가성비최고 매우만족 합니다,0
the_********,컬러: 샴페인 골드,20250224,5,,너무 이쁘고 퀄리티도 좋아요,0
dd****,컬러: 코튼 블루,20250221,5,,빠른배송이 너무 고맙죠~~한달후기 남길께요,0
kkty****,컬러: 코지 버건디,20250226,4,,좀아요 간편하고 휴대하기편함,0
hste******,컬러: 코튼 블루,20250224,5,,빠른 배송 감사합니다 ^^,0
akdi*****,컬러: 스페이스 블랙,20250221,4,,깔금한 디자인과 신속한 배송이 만족합니다.,0
inti****,컬러: 스페이스 블랙,20250222,3,,쏘쏘합니다 연무감이 좀 아쉽내요,0
spss***,컬러: 샴페인 골드,20250224,5,,배송이 빠르고 정확합니다,0
airi****,컬러: 샴페인 골드,20250222,5,,빠른 배송과 좋은 품질에 만족합니다,0
seoj***,컬러: 코튼 블루,20250224,3,,릴 하리브리드 보다는 맛이 좋지 않네요,0
89****,컬러: 샴페인 골드,20250223,5,,돌고 돌아 릴에이블이 최고야,0
hys8***,컬러: 코튼 블루,20250222,5,,빠른배송 감사합니다,0
jhi5******,컬러: 샴페인 골드,20250223,5,,다 좋은데 플라스틱 재질이 좀 아쉬움 싼티남,0
sang*****,컬러: 샴페인 골드,20250221,5,,직원 소개로 구매했는데 기존 사용하던거 보다 좋습니다. !,0
tlsw****,컬러: 코지 버건디,20250223,5,,그립감도좋고 다 좋아요,0
azs6****,컬러: 코지 버건디,20250223,5,,제품도 만족스럽고 배송도 빨라요,0
choi*******,컬러: 샴페인 골드,20250224,5,,배송 빠르고 잘왔어뇨,0
cb****,컬러: 코튼 블루,20250224,5,,사용 방법이 간단해서 편리합니다,0
jjon*****,컬러: 코튼 블루,20250223,5,,배송 빠르네요 잘 쓸께요,0
good******,컬러: 코튼 블루,20250224,5,,배송빠르고 좋습니다.,0
tbfp*****,컬러: 스페이스 블랙,20250219,3,,릴만피면 왼쪽가슴밑에 통증이 있름 밧데리가 빨리담,1
ysy3***,컬러: 스페이스 블랙,20250222,5,,빠르게 물품 배송 받았어요,0
son6***,컬러: 코지 버건디,20250223,5,,빠른배송 좋아요...,0
son6***,컬러: 코튼 블루,20250223,5,,빠른배송 좋아요...,0
jk****,컬러: 코튼 블루,20250221,5,,디자인이 정말 이쁜거 같아요,0
jyng****,컬러: 스페이스 블랙,20250220,5,,쪼아요~~희희 행사 조아~~,0
ktek******,컬러: 코지 버건디,20250225,1,,사지마세요 별로입니다,0
an****,컬러: 샴페인 골드,20250222,3,,담배종류가 많이 부족산것같아요,0
rsm8*****,컬러: 코튼 블루,20250221,5,,전꺼보다 작아져서 너무좋아요^^,0
cwle***,컬러: 스페이스 블랙,20250221,5,,청소 안하는게 좋습니다,0
asia****,컬러: 코튼 블루,20250222,4,,신속히게 빨리 도착,0
mena****,컬러: 샴페인 골드,20250224,5,,생ㄱ각보다나쁘지않아,0
el****,컬러: 코튼 블루,20250227,5,,근본- 가성비- 굳굳,0
terr*****,컬러: 코튼 블루,20250221,5,,완전 만족하고 있습니다,0
dm****,컬러: 스페이스 블랙,20250220,5,,디자인도괜찮고 연무량도좋아요,0
kms6***,컬러: 코튼 블루,20250220,5,,예전의 닐보단 성능좋네요 흡입도부드럽고 연무도 좋네요,0
royj***,컬러: 코튼 블루,20250224,5,,싸게 잘 샀습니다다,0
tess*******,컬러: 샴페인 골드,20250226,1,,걍 에이블1을 쓰는게...,0
whiz****,컬러: 코튼 블루,20250314,5,,매우매우만족합니다.,0
apei*******,컬러: 샴페인 골드,20250219,5,,배송이 엄청 빠르고 좋습니다.,0
hees******,컬러: 코지 버건디,20250219,5,,색깔도 이쁘고 고급져요,0
hees******,컬러: 코지 버건디,20250219,5,,색깔도 이쁘고 고급져요,0
zp****,컬러: 코지 버건디,20250218,5,,잘받았습니다. 감사합니다..^^*,0
zp****,컬러: 샴페인 골드,20250218,5,,잘받았습니다. 감사합니다..^^*,0
skya***,컬러: 샴페인 골드,20250218,5,,배송빠르고 문제 없어요,0
chun******,컬러: 스페이스 블랙,20250218,5,,저렴하고 배송도 빨라요,0
rill*****,컬러: 코튼 블루,20250220,5,,빠른배송 좋습니다.,0
smal****,컬러: 샴페인 골드,20250316,5,,잘 쓰고 있어요.잘 쓰고 있어요,0
wd****,컬러: 스페이스 블랙,20250219,5,,좋은가격에 잘 구매 했어요,0
taeb****,컬러: 스페이스 블랙,20250218,5,,음... 오래된거 같아요 안에 면봉이 다 말랐네요,0
ojt7***,컬러: 샴페인 골드,20250227,5,,굿~~~~~~~~~,0
qwq1***,컬러: 코튼 블루,20250222,5,,만족스럽네요!!!!,0
free******,컬러: 스페이스 블랙,20250219,5,,이쁘고 간편합니다. 맘에 쏙~,0
mysl****,컬러: 스페이스 블랙,20250220,5,,괜찮습니다.. 머? 담배니까요...,0
hkij****,컬러: 코튼 블루,20250310,5,,https://shopping.naver.com/popup/reviews/form?orderNo=2025021767360081&productOrderNos=2025021776832491&closePopup=true&returnUrl=https%3A%2F%2Fnew-m.pay.naver.com%2Fhistorybenefit%2Fmessage-bridge%3Ftype%3DTASK_FINISHED#,0
gomd*****,컬러: 샴페인 골드,20250303,5,,만족합니다 만족합니다,0
sys6***,컬러: 샴페인 골드,20250222,5,,좋아요 좋아요 좋아요 좋아요,0
dltk****,컬러: 샴페인 골드,20250219,4,,👍🏻👍🏻👍🏻👍🏻👍🏻👍🏻👍🏻👍🏻👍🏻👍🏻👍🏻👍🏻,0
